np,run,time_seconds
1,1,1.381143
1,2,1.417428
1,3,1.378915
1,4,1.519600
1,5,1.381657
2,1,1.389512
1.396951
2,2,1.382246
1.387798
2,3,1.390615
1.390786
2,4,1.393761
1.394881
2,5,1.389343
1.389637
4,1,1.465495
1.463727
1.471758
1.457932
4,2,1.458898
1.459501
1.461367
1.461763
4,3,1.467052
1.469553
1.464943
1.463595
4,4,1.458298
1.462100
1.462438
1.464274
4,5,1.461889
1.463242
1.462187
1.458404
8,1,1.504210
1.504116
1.504153
1.504717
1.511360
1.504101
1.503717
1.505744
8,2,1.501943
1.501950
1.503048
1.503197
1.501901
1.504372
1.522488
1.498741
8,3,1.516990
1.517008
1.517992
1.516770
1.517953
1.516334
1.519057
1.524730
8,4,1.498299
1.500006
1.500199
1.497095
1.500547
1.500722
1.505966
1.499434
8,5,1.502788
1.502614
1.502001
1.500844
1.501873
1.503375
1.505471
1.503664
16,1,1.814033
1.814237
1.812767
1.813598
1.814992
1.816501
1.816810
1.815502
1.812746
1.818803
1.817621
1.813976
1.821697
1.816721
1.825361
1.800154
16,2,1.809902
1.807705
1.814679
1.814807
1.815324
1.817157
1.815555
1.816021
1.813098
1.816486
1.815461
1.815493
1.813781
1.814730
1.813659
1.819081
16,3,1.816554
1.813625
1.814096
1.813757
1.814316
1.813899
1.814208
1.813724
1.813054
1.817570
1.814750
1.812524
1.813542
1.815702
1.818096
1.823784
16,4,1.814135
1.815526
1.813246
1.815768
1.814609
1.812667
1.810658
1.817237
1.815472
1.814220
1.815920
1.817957
1.817332
1.825238
1.812482
1.939634
16,5,1.815577
1.813523
1.815955
1.811221
1.818134
1.815339
1.818251
1.816115
1.816519
1.818660
1.818644
1.817207
1.817505
1.815724
1.821347
1.817910
